{"cameraMode":{"drawMode":0,"name":"Shaded","section":"Shading Mode"},"sceneLighting":true,"audioPlay":false,"sceneViewState":{"showFog":true,"showMaterialUpdate":false,"showSkybox":true,"showFlares":true,"showImageEffects":true,"showParticleSystems":true},"in2DMode":false,"pivot":{"x":-61.32066345214844,"y":-20.429424285888673,"z":-66.11973571777344},"rotation":{"x":0.13153864443302155,"y":-0.7526850700378418,"z":0.15831346809864045,"w":0.6253949403762817},"size":93.81550598144531,"orthographic":false}